A1,A2,A3,A4,A5,A6,A7,A8,A9,A10,A11,A12,A13,A14,A15,A16,A17,A18,L1,L2,L3,L4,L5,L6,L7
0.0,0.0,1.0,0.0,0.0,1.0,0.0,0.0,0.0,1.0,0.82474,0.73134,0.1553,0.51426,0.62028,0.2449,0.30425,0.45267,3,3,3,3,1,2,3
0.0,0.0,1.0,0.0,0.0,1.0,0.0,1.0,0.0,0.0,0.86082,0.59701,0.14751,0.10618,0.39707,1.0,1.0,0.01177,6,1,3,5,2,7,4
0.0,0.0,1.0,0.0,0.0,1.0,1.0,0.0,0.0,0.0,0.83505,0.85075,0.10222,0.43941,0.37203,0.2931,0.33478,0.14123,3,1,4,5,5,5,2
0.0,0.0,1.0,0.0,0.0,1.0,0.0,1.0,0.0,0.0,0.83196,0.35821,0.19761,0.18978,0.10536,0.1427,0.24823,0.01267,3,1,2,5,4,5,4
0.0,0.0,1.0,0.0,0.0,1.0,1.0,0.0,0.0,0.0,0.83093,0.67164,0.14138,0.8587,0.2508,0.13579,0.17464,0.09506,1,4,2,6,2,3,5
1.0,0.0,0.0,0.0,0.0,1.0,0.0,0.0,0.0,1.0,0.85052,0.97761,0.16794,0.76241,0.46146,0.04257,0.10142,0.25712,2,3,6,7,1,4,5
1.0,0.0,0.0,0.0,0.0,1.0,0.0,0.0,1.0,0.0,0.84021,0.76866,0.1871,0.12655,0.11805,0.14286,0.2,0.02897,5,6,4,3,2,1,7
1.0,0.0,0.0,0.0,0.0,1.0,1.0,0.0,0.0,0.0,0.8299,0.79104,0.15087,0.41138,0.22071,0.10418,0.13858,0.06247,1,4,5,5,3,2,5
0.0,0.0,1.0,0.0,0.0,1.0,0.0,0.0,0.0,1.0,0.89691,0.25373,0.05607,0.07304,0.11027,0.08466,0.12707,0.05019,1,2,3,4,4,4,4
1.0,0.0,0.0,0.0,0.0,1.0,0.0,0.0,0.0,1.0,0.81753,0.73881,0.02043,0.11459,0.00622,0.06356,0.0834,0.00724,1,4,4,2,4,4,3
1.0,0.0,0.0,0.0,0.0,1.0,0.0,1.0,0.0,0.0,0.79381,0.76119,0.02043,0.12589,0.02315,0.02974,0.03714,0.00724,1,4,4,4,3,4,2
1.0,0.0,0.0,0.0,0.0,1.0,0.0,0.0,1.0,0.0,0.76804,0.87313,0.0222,0.13092,0.01978,0.02488,0.034,0.00543,1,3,3,3,3,3,2
1.0,0.0,0.0,0.0,0.0,1.0,0.0,0.0,0.0,1.0,0.79794,0.71642,0.01277,0.10082,0.02928,0.02799,0.03043,0.37119,1,4,2,4,3,4,2
1.0,0.0,0.0,0.0,0.0,1.0,0.0,0.0,1.0,0.0,0.79588,0.8806,0.01609,0.12119,0.00859,0.03732,0.02685,0.00453,1,5,3,6,4,6,2
1.0,0.0,0.0,0.0,0.0,1.0,0.0,0.0,0.0,1.0,0.81443,0.71642,0.00766,0.11937,0.04958,0.03032,0.11025,0.00272,1,3,2,5,4,5,5
1.0,0.0,0.0,0.0,0.0,1.0,1.0,0.0,0.0,0.0,0.77835,0.85821,0.01201,0.10882,0.01583,0.00991,0.17584,0.00996,1,3,2,3,3,3,3
1.0,0.0,0.0,0.0,0.0,1.0,0.0,0.0,0.0,1.0,0.80206,0.89552,0.01788,0.11707,0.03684,0.04354,0.08949,0.00996,1,3,3,2,3,3,3
1.0,0.0,0.0,0.0,0.0,1.0,0.0,1.0,0.0,0.0,0.78454,0.73134,0.01788,0.11896,0.03363,0.04665,0.1035,0.00362,1,7,5,4,2,6,3
1.0,0.0,0.0,0.0,0.0,1.0,0.0,0.0,1.0,0.0,0.75773,0.77612,0.01788,0.14163,0.05258,0.09679,0.11007,0.00724,1,7,2,4,5,3,6
1.0,0.0,0.0,0.0,0.0,1.0,0.0,1.0,0.0,0.0,0.74227,0.68657,0.00204,0.05293,0.08693,0.03638,0.03221,0.00453,1,3,3,2,3,3,3
1.0,0.0,0.0,0.0,0.0,1.0,1.0,0.0,0.0,0.0,0.79897,0.76866,0.08409,0.24254,0.04507,0.03732,0.07159,0.06881,2,4,4,4,1,3,4
1.0,0.0,0.0,0.0,0.0,1.0,0.0,0.0,0.0,1.0,0.78557,0.63433,0.03031,0.14138,0.22357,0.007,0.04922,0.01539,1,3,3,2,3,3,3
1.0,0.0,0.0,0.0,0.0,1.0,0.0,1.0,0.0,0.0,0.80825,0.70149,0.02803,0.12448,0.01341,0.007,0.02058,0.01358,1,2,6,3,6,5,4
1.0,0.0,0.0,0.0,0.0,1.0,0.0,0.0,1.0,0.0,0.80103,0.79851,0.03202,0.32778,0.06278,0.02099,0.07899,0.02716,3,4,4,4,2,1,4
1.0,0.0,0.0,0.0,0.0,1.0,0.0,0.0,0.0,1.0,0.73093,0.62687,0.02682,0.1296,0.03005,0.00933,0.02434,0.00453,1,3,3,2,3,3,3
1.0,0.0,0.0,0.0,0.0,1.0,1.0,0.0,0.0,0.0,0.70103,0.82836,0.02299,0.05194,0.02146,0.00933,0.0,0.02444,1,3,5,5,2,4,2
1.0,0.0,0.0,0.0,0.0,1.0,0.0,0.0,0.0,1.0,0.82474,0.73134,0.04087,0.06018,0.02146,0.06064,0.08054,0.00724,2,4,1,4,4,4,3
1.0,0.0,0.0,0.0,0.0,1.0,0.0,1.0,0.0,0.0,0.74227,0.84328,0.02299,0.01896,0.12878,0.02799,0.034,0.00453,1,3,2,4,4,4,4
1.0,0.0,0.0,0.0,0.0,1.0,1.0,0.0,0.0,0.0,0.76289,0.93284,0.03321,0.27453,0.06439,0.16793,0.25414,0.04436,4,1,5,6,3,2,6
1.0,0.0,0.0,0.0,0.0,1.0,0.0,0.0,0.0,1.0,0.83505,0.76866,0.06641,0.31162,0.06439,0.57376,0.54407,0.02535,3,2,1,6,4,6,5
1.0,0.0,0.0,0.0,0.0,1.0,0.0,0.0,1.0,0.0,0.80412,0.84328,0.0513,0.24897,0.05312,0.12362,0.234,0.05251,6,3,4,6,2,1,5
1.0,0.0,0.0,0.0,0.0,1.0,0.0,0.0,0.0,1.0,0.85567,0.81343,0.00299,0.06059,0.01449,0.00379,0.00537,0.00181,1,2,2,2,2,2,2
1.0,0.0,0.0,0.0,0.0,1.0,0.0,1.0,0.0,0.0,0.82474,0.0,0.0037,0.06678,0.01073,0.00583,0.00537,0.00272,1,2,2,2,2,2,2
0.0,0.0,1.0,0.0,0.0,1.0,0.0,0.0,0.0,1.0,0.85567,0.66418,0.05268,0.28145,0.24548,0.45859,0.45324,0.11154,5,1,3,4,6,6,2
0.0,0.0,1.0,0.0,0.0,1.0,0.0,1.0,0.0,0.0,0.83505,0.78358,0.05692,0.33561,0.19163,0.42547,0.45688,0.08109,3,2,4,1,2,5,5
0.0,0.0,1.0,0.0,0.0,1.0,0.0,0.0,0.0,1.0,0.82474,0.41045,0.19668,0.50256,0.13184,0.33518,0.52975,0.0335,5,3,1,4,5,5,2
0.0,0.0,1.0,0.0,0.0,1.0,0.0,0.0,1.0,0.0,0.84021,0.52985,0.13842,0.31566,0.69494,0.13861,0.31328,0.1195,5,5,5,3,2,1,4
1.0,0.0,0.0,0.0,0.0,1.0,0.0,0.0,0.0,1.0,0.85567,0.57463,0.12771,0.70429,0.08156,0.61784,0.61673,0.2037,5,1,2,5,3,4,5
1.0,0.0,0.0,0.0,0.0,1.0,0.0,1.0,0.0,0.0,0.85567,0.65672,0.1383,0.64551,0.05519,0.64571,0.58498,0.10719,3,4,5,5,1,2,5
1.0,0.0,0.0,0.0,0.0,1.0,0.0,0.0,0.0,1.0,0.86598,1.0,0.17816,0.37552,0.04024,0.02332,0.07278,0.03531,1,3,5,5,4,2,5
1.0,0.0,0.0,0.0,0.0,1.0,0.0,1.0,0.0,0.0,0.85567,0.93284,0.22222,0.40148,0.02415,0.06297,0.07785,0.02988,1,6,5,3,4,2,7
1.0,0.0,0.0,0.0,0.0,1.0,1.0,0.0,0.0,0.0,0.82474,0.90299,0.16935,0.37387,0.04185,0.03732,0.0698,0.00724,1,3,5,6,2,4,6
0.0,1.0,0.0,0.0,0.0,1.0,0.0,0.0,0.0,1.0,0.0,0.9403,0.02299,0.01896,0.01073,0.01166,0.01074,0.00996,1,2,2,2,2,2,2
0.0,0.0,1.0,0.0,0.0,1.0,0.0,1.0,0.0,0.0,0.78351,0.71642,0.03831,0.24897,0.04293,0.06297,0.21655,0.02535,1,2,2,2,2,2,2
0.0,0.0,1.0,0.0,0.0,1.0,1.0,0.0,0.0,0.0,0.75155,0.83657,0.04534,0.25309,0.03756,0.03032,0.03725,0.10955,1,4,7,6,3,2,5
0.0,0.0,1.0,0.0,0.0,1.0,0.0,0.0,0.0,1.0,0.78351,0.76119,0.0825,0.37164,0.20658,0.02974,0.08829,0.07152,4,4,4,1,3,4,2
0.0,0.0,1.0,0.0,0.0,1.0,0.0,0.0,1.0,0.0,0.82474,0.58955,0.06956,0.13611,0.03041,0.01703,0.04098,0.04074,1,7,6,4,2,5,3
1.0,0.0,0.0,0.0,0.0,1.0,0.0,0.0,0.0,1.0,0.81443,0.8209,0.01575,0.09662,0.01967,0.01808,0.02112,0.00453,1,2,2,2,2,2,2
1.0,0.0,0.0,0.0,0.0,1.0,0.0,1.0,0.0,0.0,0.81443,0.67164,0.01347,0.07502,0.0361,0.02099,0.02115,0.00724,1,3,3,2,3,3,3
1.0,0.0,0.0,0.0,0.0,1.0,0.0,0.0,0.0,1.0,0.68041,0.80597,0.0,0.26752,0.01073,0.00233,0.01163,0.0,1,2,2,2,2,2,2
0.0,0.0,1.0,0.0,0.0,1.0,0.0,1.0,0.0,0.0,0.57732,0.8806,0.0,0.18302,0.00537,0.00233,0.00179,0.0,1,2,2,2,2,2,2
0.0,0.0,1.0,0.0,0.0,1.0,1.0,0.0,0.0,0.0,0.58763,0.80597,0.0,0.21022,0.01073,0.00233,0.00716,0.0,1,3,4,2,5,5,5
1.0,0.0,0.0,0.0,0.0,1.0,0.0,1.0,0.0,0.0,0.68041,0.70896,0.0,0.10882,0.02146,0.00233,0.01074,0.0,1,3,3,2,3,3,3
1.0,0.0,0.0,0.0,0.0,1.0,0.0,0.0,1.0,0.0,0.68041,0.80597,0.0,0.21764,0.01073,0.00466,0.01969,0.0,1,3,3,2,3,3,3
0.0,0.0,1.0,0.0,0.0,1.0,1.0,0.0,0.0,0.0,0.68041,0.84328,0.0,0.34378,0.01073,0.00233,0.01074,0.0,1,3,3,3,3,2,3
0.0,0.0,1.0,0.0,0.0,1.0,0.0,1.0,0.0,0.0,0.6701,0.77612,0.0,0.49217,0.01073,0.00466,0.02506,0.0,1,2,2,2,2,2,2
0.0,0.0,1.0,0.0,0.0,1.0,0.0,0.0,1.0,0.0,0.65979,0.0,0.0,0.0,0.0,0.0,0.02506,0.0,1,5,5,3,5,2,4
1.0,0.0,0.0,0.0,0.0,1.0,1.0,0.0,0.0,0.0,0.80722,0.87313,0.01043,0.10948,0.01932,0.00777,0.01193,0.0,1,2,2,2,2,2,2
1.0,0.0,0.0,0.0,0.0,1.0,0.0,1.0,0.0,0.0,0.78041,0.80597,0.01169,0.09918,0.02951,0.00466,0.01208,0.00905,1,3,2,5,5,5,4
1.0,0.0,0.0,0.0,0.0,1.0,0.0,0.0,1.0,0.0,0.74124,0.87313,0.01105,0.12152,0.1717,0.00583,0.01289,0.00272,1,4,2,6,6,3,5
1.0,0.0,0.0,0.0,0.0,1.0,0.0,0.0,0.0,1.0,0.76701,0.75373,0.00749,0.06348,0.0161,0.00311,0.01074,0.00543,1,4,2,3,4,4,4
1.0,0.0,0.0,0.0,0.0,1.0,0.0,1.0,0.0,0.0,0.73608,0.73134,0.00837,0.07609,0.0161,0.00292,0.01924,0.02263,2,4,1,3,4,4,4
1.0,0.0,0.0,0.0,0.0,1.0,0.0,0.0,1.0,0.0,0.72165,0.90299,0.00801,0.09959,0.01739,0.0042,0.00447,0.00453,1,3,2,3,3,3,3
0.0,0.0,1.0,0.0,1.0,0.0,1.0,0.0,0.0,0.0,0.87629,0.60448,0.09738,0.31739,0.24146,0.10496,0.27263,0.04708,2,6,5,4,1,3,7
0.0,0.0,1.0,0.0,1.0,0.0,0.0,0.0,1.0,0.0,0.81701,0.76119,0.08694,0.74856,0.11697,0.12828,0.10492,0.10502,3,4,5,7,2,1,6
0.0,0.0,1.0,0.0,1.0,0.0,0.0,0.0,0.0,1.0,0.83505,0.60448,0.34738,0.31105,0.26292,0.31895,0.44609,0.18894,6,3,1,5,2,4,7
0.0,0.0,1.0,0.0,1.0,0.0,0.0,1.0,0.0,0.0,0.84536,0.50746,0.33046,0.27337,0.29109,0.23324,0.4179,0.11769,6,3,1,5,2,4,7
1.0,0.0,0.0,0.0,1.0,0.0,0.0,1.0,0.0,0.0,0.93814,0.70149,0.09132,0.42572,0.03488,0.19942,0.38568,0.16631,5,1,4,6,2,3,5
0.0,0.0,1.0,0.0,1.0,0.0,1.0,0.0,0.0,0.0,0.83505,0.73134,0.07535,0.1061,0.24069,0.0587,0.18315,0.03259,1,4,5,4,2,3,4
0.0,0.0,1.0,0.0,1.0,0.0,0.0,0.0,0.0,1.0,0.82474,0.4403,0.06999,0.06059,0.14341,0.08397,0.18922,0.02716,2,3,1,5,4,6,6
0.0,0.0,1.0,0.0,1.0,0.0,0.0,1.0,0.0,0.0,0.82474,0.24627,0.06835,0.05425,0.17707,0.08717,0.19933,0.02716,1,5,2,3,4,5,5
1.0,0.0,0.0,0.0,1.0,0.0,0.0,0.0,0.0,1.0,0.7732,0.68657,0.0281,0.27288,0.10839,0.06204,0.19329,0.01177,3,7,4,6,5,2,1
1.0,0.0,0.0,0.0,1.0,0.0,0.0,1.0,0.0,0.0,0.76289,0.73134,0.0281,0.26669,0.27365,0.09038,0.10142,0.01811,1,6,6,3,2,4,5
1.0,0.0,0.0,0.0,1.0,0.0,1.0,0.0,0.0,0.0,0.75258,0.87313,0.02656,0.40643,0.13951,0.02519,0.10738,0.03893,5,6,4,6,3,1,2
1.0,0.0,0.0,0.0,1.0,0.0,0.0,0.0,0.0,1.0,0.76289,0.66418,0.03448,0.44864,0.13236,0.06453,0.18613,0.19012,3,4,2,7,6,5,1
1.0,0.0,0.0,0.0,1.0,0.0,0.0,0.0,1.0,0.0,0.76289,0.83358,0.03102,0.51014,0.09615,0.07464,0.12515,0.02807,2,5,6,7,4,3,1
0.0,0.0,1.0,0.0,1.0,0.0,1.0,0.0,0.0,0.0,0.7732,0.80597,0.07918,0.3634,0.79145,0.25948,0.383,0.02625,4,6,6,3,5,2,1
0.0,0.0,1.0,0.0,1.0,0.0,0.0,0.0,0.0,1.0,0.78351,0.44776,0.13538,0.30783,0.98086,0.32093,0.45566,0.03893,5,5,5,4,3,2,1
0.0,0.0,1.0,0.0,1.0,0.0,0.0,0.0,1.0,0.0,0.76289,0.80373,0.09259,0.3075,0.4606,0.13434,0.30246,0.02897,4,6,6,5,3,2,1
0.0,0.0,1.0,0.0,1.0,0.0,0.0,0.0,0.0,1.0,0.87629,0.64179,0.32082,0.31146,0.13325,0.46142,0.54288,0.36214,6,1,2,6,3,4,5
0.0,0.0,1.0,0.0,1.0,0.0,0.0,1.0,0.0,0.0,0.89691,0.70149,0.44381,0.27354,0.10866,0.62449,0.70112,0.03169,5,3,4,5,1,2,5
0.0,0.0,1.0,0.0,1.0,0.0,0.0,0.0,1.0,0.0,0.83505,0.79851,0.24114,0.3873,0.16419,0.44723,0.47472,0.06609,5,3,4,5,2,1,5
1.0,0.0,0.0,0.0,1.0,0.0,0.0,0.0,0.0,1.0,0.90722,0.63433,0.13623,0.42308,0.10374,0.28105,0.4167,0.28065,4,2,1,3,4,6,5
1.0,0.0,0.0,0.0,1.0,0.0,0.0,1.0,0.0,0.0,0.80412,0.78358,0.1788,0.2014,0.10553,0.33742,0.43669,0.08148,6,4,3,5,2,1,6
1.0,0.0,0.0,0.0,1.0,0.0,0.0,0.0,1.0,0.0,0.81443,0.8806,0.16222,0.40725,0.14702,0.37201,0.39016,0.05885,5,3,5,5,1,2,4
0.0,1.0,0.0,0.0,1.0,0.0,1.0,0.0,0.0,0.0,0.87629,0.78358,0.14487,0.02721,0.23149,0.05364,0.24787,0.18857,4,6,6,5,1,2,3
0.0,1.0,0.0,0.0,1.0,0.0,0.0,0.0,0.0,1.0,0.93814,0.40299,0.15594,0.02539,0.11328,0.24308,0.42774,0.65617,2,1,3,5,5,5,4
0.0,1.0,0.0,0.0,1.0,0.0,0.0,1.0,0.0,0.0,0.91753,0.33582,0.14751,0.02201,0.16634,0.22702,0.42178,0.89463,2,1,4,4,4,4,3
1.0,0.0,0.0,0.0,1.0,0.0,0.0,0.0,0.0,1.0,0.81443,0.47015,0.26022,0.32795,0.165,0.1207,0.36846,0.01811,4,5,1,3,2,6,6
1.0,0.0,0.0,0.0,1.0,0.0,0.0,0.0,1.0,0.0,0.80412,0.61194,0.21962,0.51113,0.45251,0.07308,0.37882,0.19827,3,4,6,5,2,1,6
0.0,0.0,1.0,0.0,1.0,0.0,0.0,0.0,0.0,1.0,0.79381,0.52985,0.16252,0.25886,0.13146,0.06676,0.33378,0.2716,2,6,1,4,3,7,5
0.0,0.0,1.0,0.0,1.0,0.0,0.0,1.0,0.0,0.0,0.80412,0.48507,0.20973,0.21459,0.23132,0.03006,0.27584,0.04708,3,5,1,4,2,5,4
0.0,1.0,0.0,0.0,1.0,0.0,0.0,0.0,0.0,1.0,0.79381,0.39552,0.16688,0.23899,0.39826,0.11921,0.32871,0.15572,1,4,2,3,4,4,4
0.0,1.0,0.0,0.0,1.0,0.0,0.0,0.0,1.0,0.0,0.7732,0.65672,0.14899,0.71624,0.81426,0.24373,0.52371,0.02716,3,6,5,4,2,1,6
0.0,1.0,0.0,0.0,1.0,0.0,1.0,0.0,0.0,0.0,0.78351,0.74627,0.12676,0.44979,0.33134,0.09009,0.51134,0.679,2,1,5,6,3,4,7
0.0,1.0,0.0,0.0,1.0,0.0,0.0,0.0,0.0,1.0,0.89691,0.55224,0.12204,0.19093,0.0409,0.05753,0.36112,0.02716,1,2,3,5,4,5,3
0.0,1.0,0.0,0.0,1.0,0.0,0.0,0.0,1.0,0.0,0.79381,0.82836,0.12064,0.72209,0.25648,0.12595,0.49243,0.59481,2,1,3,5,5,5,4
1.0,0.0,0.0,0.0,1.0,0.0,1.0,0.0,0.0,0.0,0.85567,0.82836,0.106,0.38458,1.0,0.09096,0.22228,0.1186,1,2,6,5,3,4,6
1.0,0.0,0.0,0.0,1.0,0.0,0.0,0.0,0.0,1.0,0.86907,0.44776,0.1026,0.22012,0.77661,0.14188,0.25384,0.22633,5,3,2,1,5,5,4
1.0,0.0,0.0,0.0,1.0,0.0,0.0,0.0,1.0,0.0,0.84124,0.82836,0.08188,0.46941,0.49566,0.1656,0.23722,0.1358,2,1,5,5,4,5,3
1.0,0.0,0.0,0.0,1.0,0.0,0.0,0.0,0.0,1.0,0.89691,0.73134,0.01504,0.12646,0.05485,0.02255,0.03102,0.00905,1,3,2,4,4,4,4
1.0,0.0,0.0,0.0,1.0,0.0,0.0,1.0,0.0,0.0,0.84536,0.84328,0.01852,0.15458,0.02683,0.01516,0.04653,0.00272,1,3,2,3,3,3,3
1.0,0.0,0.0,0.0,1.0,0.0,0.0,0.0,1.0,0.0,0.87629,0.8806,0.02002,0.14279,0.22165,0.02027,0.02982,0.01901,1,3,2,3,3,3,3
0.0,0.0,1.0,0.0,1.0,0.0,0.0,1.0,0.0,0.0,0.80412,0.44776,0.13646,0.03141,0.12724,0.0883,0.18357,0.01086,2,5,6,4,3,1,7
0.0,0.0,1.0,0.0,1.0,0.0,0.0,0.0,1.0,0.0,0.82474,0.72388,0.14776,0.038,0.23368,0.0863,0.1557,0.02716,2,3,5,5,4,1,5
1.0,0.0,0.0,0.0,1.0,0.0,0.0,0.0,0.0,1.0,1.0,0.80597,0.00057,0.03347,0.01073,0.05235,0.0181,0.0,1,2,3,3,3,3,3
1.0,0.0,0.0,0.0,1.0,0.0,0.0,0.0,1.0,0.0,0.8866,0.86716,0.00396,0.03669,0.02772,0.03926,0.03274,0.01267,1,4,3,4,4,2,4
0.0,0.0,1.0,0.0,1.0,0.0,1.0,0.0,0.0,0.0,0.85567,0.86567,0.01489,0.05779,0.01366,0.00827,0.02362,0.02897,1,2,2,2,2,2,2
0.0,1.0,0.0,0.0,1.0,0.0,0.0,1.0,0.0,0.0,0.86598,0.39552,0.19072,0.32152,0.1413,0.61015,0.77478,0.22558,4,2,1,5,5,5,3
0.0,1.0,0.0,0.0,1.0,0.0,0.0,0.0,1.0,0.0,0.84536,0.49254,0.33563,0.34526,0.09873,0.55557,0.57342,0.06156,4,3,1,5,2,5,5
0.0,0.0,1.0,0.0,1.0,0.0,0.0,0.0,0.0,1.0,0.84536,0.70149,0.11564,0.59316,0.37073,0.33586,0.51365,0.08947,4,3,5,5,2,1,5
0.0,0.0,1.0,0.0,1.0,0.0,0.0,1.0,0.0,0.0,0.83505,0.52985,0.1089,0.41863,0.06049,0.38887,0.4702,0.15572,4,2,3,6,1,4,5
0.0,0.0,1.0,0.0,1.0,0.0,0.0,0.0,1.0,0.0,0.83505,0.67164,0.1237,0.5474,0.13798,0.42216,0.39783,0.0582,5,2,3,6,1,4,6
1.0,0.0,0.0,0.0,1.0,0.0,0.0,0.0,0.0,1.0,0.76289,0.79851,0.03019,0.17832,0.18341,0.08609,0.21834,0.05029,2,6,6,4,1,3,5
1.0,0.0,0.0,0.0,1.0,0.0,0.0,1.0,0.0,0.0,0.85567,0.72388,0.02696,0.15837,0.07035,0.14357,0.22769,0.04738,5,6,1,4,2,3,6
1.0,0.0,0.0,0.0,1.0,0.0,0.0,0.0,1.0,0.0,0.8866,0.79851,0.03065,0.18392,0.04695,0.14606,0.1604,0.01946,4,6,6,5,1,2,3
0.0,0.0,1.0,0.0,1.0,0.0,0.0,0.0,0.0,1.0,0.93814,0.86567,0.07942,0.42036,0.26439,0.12828,0.50828,0.79901,6,1,4,6,5,2,3
0.0,0.0,1.0,0.0,1.0,0.0,0.0,1.0,0.0,0.0,0.92784,0.51493,0.07237,0.24353,0.08228,0.23868,0.49635,1.0,4,1,2,4,4,4,3
0.0,0.0,1.0,0.0,1.0,0.0,0.0,0.0,1.0,0.0,0.85567,0.74627,0.07695,0.30717,0.11,0.17697,0.3179,0.45471,5,1,6,3,7,2,4
1.0,0.0,0.0,0.0,1.0,0.0,0.0,0.0,0.0,1.0,0.87629,0.75373,0.02793,0.11006,0.25326,0.08078,0.13047,0.10049,2,5,4,3,1,5,4
1.0,0.0,0.0,0.0,1.0,0.0,0.0,1.0,0.0,0.0,0.85567,0.57463,0.02574,0.09992,0.11089,0.11351,0.14755,0.01811,4,6,1,5,3,6,2
1.0,0.0,0.0,0.0,1.0,0.0,0.0,0.0,1.0,0.0,0.75258,0.78358,0.02832,0.11327,0.09913,0.11341,0.11946,0.02988,5,6,3,6,1,2,4
0.0,0.0,1.0,0.0,1.0,0.0,0.0,1.0,0.0,0.0,0.81443,0.6194,1.0,0.49835,0.4078,0.4035,0.56734,0.04979,3,4,2,1,4,5,3
0.0,0.0,1.0,0.0,1.0,0.0,1.0,0.0,0.0,0.0,0.82474,0.88806,0.33377,0.53916,0.21034,0.17493,0.15034,0.04074,4,3,6,7,2,1,5
0.0,0.0,1.0,0.0,1.0,0.0,0.0,1.0,0.0,0.0,0.82474,0.68657,0.09962,0.40066,0.12878,0.43615,0.38121,0.01811,2,1,3,7,4,6,5
0.0,0.0,1.0,0.0,1.0,0.0,1.0,0.0,0.0,0.0,0.83505,0.87313,0.09109,0.42292,0.0499,0.11429,0.15839,0.02263,4,1,5,5,3,2,3
0.0,1.0,0.0,0.0,1.0,0.0,0.0,0.0,0.0,1.0,0.86907,0.73881,0.09604,0.0681,0.13307,0.0758,0.20582,0.10592,1,2,4,5,3,6,6
0.0,1.0,0.0,0.0,1.0,0.0,0.0,0.0,1.0,0.0,0.83505,0.46269,0.09962,0.05548,0.12111,0.13994,0.17565,0.01811,1,4,4,2,3,4,4
0.0,0.0,1.0,0.0,1.0,0.0,0.0,0.0,0.0,1.0,0.81443,0.83582,0.12746,0.80569,0.54194,0.15743,0.25727,0.04934,4,3,5,5,2,1,5
0.0,0.0,1.0,0.0,1.0,0.0,0.0,0.0,1.0,0.0,0.83505,0.46269,0.13056,0.42036,0.1878,0.30904,0.35283,0.05794,4,1,4,5,2,5,3
1.0,0.0,0.0,0.0,1.0,0.0,0.0,1.0,0.0,0.0,0.80412,0.70896,0.0212,0.13768,0.03649,0.03918,0.063,0.00905,2,6,1,4,5,3,6
1.0,0.0,0.0,0.0,1.0,0.0,1.0,0.0,0.0,0.0,0.81443,0.78358,0.02607,0.18994,0.14192,0.02468,0.04203,0.01811,1,4,2,3,4,4,4
0.0,1.0,0.0,0.0,1.0,0.0,0.0,0.0,0.0,1.0,0.82474,0.33582,0.20198,0.74064,0.9873,0.16327,0.35836,0.17564,4,6,6,1,2,5,3
0.0,1.0,0.0,0.0,1.0,0.0,0.0,1.0,0.0,0.0,0.78351,0.47015,0.20775,0.80091,0.21105,0.18037,0.26458,0.02716,4,2,3,6,5,6,1
1.0,0.0,0.0,0.0,1.0,0.0,0.0,0.0,0.0,1.0,0.84742,0.60448,0.10536,0.11665,0.18512,0.10884,0.22073,0.27522,1,2,6,5,3,6,4
1.0,0.0,0.0,0.0,1.0,0.0,1.0,0.0,0.0,0.0,0.85567,0.73881,0.10275,0.13083,0.25219,0.07883,0.1346,0.21547,1,2,4,3,6,7,5
1.0,0.0,0.0,0.0,1.0,0.0,0.0,0.0,0.0,1.0,0.8732,0.67164,0.11792,0.17329,0.09086,0.11195,0.20796,0.06609,2,1,6,4,3,5,7
1.0,0.0,0.0,0.0,1.0,0.0,0.0,1.0,0.0,0.0,0.86598,0.36567,0.12005,0.04419,0.09855,0.25423,0.33766,0.28971,3,1,2,5,5,4,5
1.0,0.0,0.0,0.0,1.0,0.0,1.0,0.0,0.0,0.0,0.91443,0.8209,0.10514,0.18739,0.05876,0.09096,0.1301,0.20551,5,2,4,5,1,3,5
1.0,0.0,0.0,0.0,1.0,0.0,0.0,0.0,1.0,0.0,0.79381,0.32836,0.13538,0.19044,0.09658,0.05178,0.20796,0.14485,4,4,4,3,2,1,4
0.0,0.0,1.0,0.0,1.0,0.0,0.0,1.0,0.0,0.0,0.81443,0.44776,0.32652,0.22094,0.18959,0.06414,0.13661,0.01901,4,1,2,5,3,6,6
0.0,0.0,1.0,0.0,1.0,0.0,1.0,0.0,0.0,0.0,0.80412,0.78582,0.25755,0.446,0.52209,0.05598,0.10447,0.24897,3,4,6,5,1,2,6
0.0,1.0,0.0,1.0,0.0,0.0,0.0,1.0,0.0,0.0,0.8866,0.26866,0.12771,0.031,0.1438,0.12618,0.22515,0.24263,3,1,3,3,3,3,2
0.0,1.0,0.0,1.0,0.0,0.0,1.0,0.0,0.0,0.0,0.86598,0.79104,0.04909,0.13644,0.10392,0.0482,0.09828,0.1865,5,1,3,5,2,5,4
0.0,1.0,0.0,1.0,0.0,0.0,0.0,0.0,0.0,1.0,0.85567,0.85821,0.06641,0.15416,0.06707,0.07172,0.13482,0.3146,2,1,2,2,2,2,2
0.0,1.0,0.0,1.0,0.0,0.0,0.0,1.0,0.0,0.0,0.92784,0.43284,0.0,0.0742,0.15239,0.2379,0.33289,0.61608,3,1,4,2,5,5,5
0.0,1.0,0.0,1.0,0.0,0.0,0.0,1.0,0.0,0.0,0.97938,0.42537,0.11239,0.00841,0.1574,0.35296,0.4519,0.84815,2,1,3,4,4,4,3
0.0,1.0,0.0,1.0,0.0,0.0,0.0,0.0,1.0,0.0,0.90722,0.65672,0.10983,0.01072,0.11089,0.42138,0.48263,0.83895,2,1,4,4,4,4,3
0.0,1.0,0.0,1.0,0.0,0.0,1.0,0.0,0.0,0.0,0.91134,0.96269,0.11006,0.06974,0.05602,0.02006,0.08311,0.73821,2,1,4,4,4,4,3
1.0,0.0,0.0,1.0,0.0,0.0,0.0,0.0,0.0,1.0,0.75258,0.73881,0.04087,0.39736,0.1091,0.03421,0.15213,0.01811,4,4,4,3,4,1,2
1.0,0.0,0.0,1.0,0.0,0.0,1.0,0.0,0.0,0.0,0.76289,0.79701,0.05709,0.44633,0.26249,0.15487,0.30653,0.0344,5,6,4,6,2,1,3
0.0,1.0,0.0,1.0,0.0,0.0,0.0,1.0,0.0,0.0,0.93814,0.3209,0.21164,0.0709,0.14732,0.23875,0.41682,0.49221,3,1,2,3,3,3,2
0.0,1.0,0.0,1.0,0.0,0.0,1.0,0.0,0.0,0.0,0.87938,0.82836,0.16167,0.14229,0.24425,0.19662,0.26211,0.19211,4,1,2,5,5,5,3
0.0,1.0,0.0,1.0,0.0,0.0,0.0,0.0,0.0,1.0,0.88247,0.64925,0.11231,0.33413,0.69004,0.51755,0.44146,0.13308,1,4,7,6,2,3,5
0.0,1.0,0.0,1.0,0.0,0.0,1.0,0.0,0.0,0.0,0.83093,0.6194,0.09937,0.30322,0.67316,0.47962,0.39357,0.05621,3,3,3,3,2,1,3
0.0,0.0,1.0,1.0,0.0,0.0,0.0,0.0,0.0,1.0,0.84639,0.69403,0.26773,0.32218,0.13346,0.19177,0.30049,0.05078,6,4,2,5,3,1,7
0.0,0.0,1.0,1.0,0.0,0.0,0.0,1.0,0.0,0.0,0.87629,0.54478,0.18249,0.20709,0.07154,0.15018,0.24658,0.08496,5,3,1,2,5,5,4
0.0,0.0,1.0,1.0,0.0,0.0,0.0,1.0,0.0,0.0,0.8866,0.79104,0.53222,0.3676,0.21239,0.20369,0.34738,0.25004,4,3,4,4,2,1,4
0.0,0.0,1.0,1.0,0.0,0.0,0.0,0.0,0.0,1.0,0.93402,0.47388,0.47812,0.27626,0.05879,0.37124,0.39602,0.18831,4,1,2,4,4,4,3
1.0,0.0,0.0,1.0,0.0,0.0,1.0,0.0,0.0,0.0,0.89691,0.79851,0.01161,0.07758,0.03512,0.03732,0.03812,0.00996,1,3,2,3,3,3,3
1.0,0.0,0.0,1.0,0.0,0.0,0.0,1.0,0.0,0.0,0.83505,0.79851,0.00894,0.08351,0.01341,0.02974,0.01969,0.00543,1,3,2,6,4,6,5
1.0,0.0,0.0,1.0,0.0,0.0,0.0,0.0,1.0,0.0,0.86598,0.76791,0.0136,0.08211,0.05779,0.01788,0.02569,0.00724,1,3,2,6,5,4,6
0.0,0.0,1.0,1.0,0.0,0.0,0.0,1.0,0.0,0.0,0.8866,0.75373,0.00539,0.05466,0.01192,0.00751,0.01253,0.01177,1,2,3,3,3,3,3
0.0,0.0,1.0,1.0,0.0,0.0,0.0,0.0,1.0,0.0,0.84536,0.70896,0.00562,0.0554,0.01073,0.00886,0.0111,0.00724,1,2,3,3,3,3,3
0.0,0.0,1.0,1.0,0.0,0.0,0.0,0.0,0.0,1.0,0.87629,0.78358,0.00702,0.06249,0.01127,0.00933,0.0137,0.03621,1,2,3,3,3,3,3
0.0,0.0,1.0,1.0,0.0,0.0,0.0,0.0,1.0,0.0,0.85567,0.74627,0.00986,0.07139,0.03434,0.01399,0.02864,0.02589,2,3,1,4,4,4,4
1.0,0.0,0.0,1.0,0.0,0.0,0.0,0.0,0.0,1.0,0.82474,0.81343,0.02313,0.06801,0.04293,0.04917,0.10039,0.0,2,1,3,4,4,4,4
1.0,0.0,0.0,1.0,0.0,0.0,0.0,0.0,1.0,0.0,0.83505,0.76119,0.01945,0.05763,0.03488,0.0621,0.09463,0.01811,1,4,3,5,4,2,5
0.0,1.0,0.0,1.0,0.0,0.0,0.0,0.0,0.0,1.0,0.89691,0.80597,0.0999,0.51319,0.17366,0.24426,0.40871,0.41713,5,2,4,6,2,1,3
0.0,1.0,0.0,1.0,0.0,0.0,0.0,0.0,0.0,1.0,0.89691,0.87313,0.05736,0.31039,0.09463,0.09633,0.15284,0.15835,3,1,3,3,2,2,3
0.0,1.0,0.0,1.0,0.0,0.0,0.0,0.0,1.0,0.0,0.86598,0.61194,0.05939,0.23124,0.04695,0.11924,0.15593,0.13376,4,1,3,4,2,4,4
0.0,1.0,0.0,1.0,0.0,0.0,1.0,0.0,0.0,0.0,0.88144,0.8209,0.05701,0.25886,0.08811,0.10706,0.18157,0.16595,4,1,5,6,2,3,6
0.0,0.0,1.0,1.0,0.0,0.0,0.0,1.0,0.0,0.0,0.87629,0.56716,0.03264,0.15441,0.01908,0.11869,0.22729,0.22231,5,5,1,3,4,5,2
0.0,0.0,1.0,1.0,0.0,0.0,1.0,0.0,0.0,0.0,0.89691,0.85075,0.0397,0.19151,0.11053,0.08047,0.14597,0.05088,3,6,5,6,2,1,4
0.0,0.0,1.0,1.0,0.0,0.0,0.0,0.0,0.0,1.0,0.86598,0.78358,0.03112,0.12523,0.07024,0.04601,0.0903,0.07383,4,3,5,6,2,1,6
0.0,0.0,1.0,1.0,0.0,0.0,0.0,1.0,0.0,0.0,0.84536,0.61194,0.01873,0.08269,0.04054,0.04457,0.21636,0.04627,3,1,2,5,5,5,4
0.0,0.0,1.0,1.0,0.0,0.0,1.0,0.0,0.0,0.0,0.88454,0.82836,0.06086,0.29819,0.07791,0.11921,0.16306,0.20732,3,1,5,6,4,2,6
0.0,0.0,1.0,1.0,0.0,0.0,0.0,0.0,1.0,0.0,0.87629,0.58955,0.03179,0.21319,0.10374,0.04457,0.10997,0.05583,1,2,4,5,3,5,5
0.0,0.0,1.0,1.0,0.0,0.0,1.0,0.0,0.0,0.0,0.86598,0.62687,0.04438,0.31599,0.08988,0.12507,0.14273,0.02117,2,1,3,5,4,5,5
0.0,0.0,1.0,1.0,0.0,0.0,0.0,1.0,0.0,0.0,0.85567,0.79104,0.03658,0.26381,0.1345,0.08241,0.13585,0.04225,1,3,5,7,4,2,6
0.0,0.0,1.0,1.0,0.0,0.0,1.0,0.0,0.0,0.0,0.84536,0.52239,0.35757,0.24551,0.06451,0.1827,0.25095,0.28734,4,1,2,3,4,4,4
0.0,0.0,1.0,1.0,0.0,0.0,0.0,0.0,0.0,1.0,0.82474,0.56716,0.0,0.0,0.0,0.0,0.0,0.0,5,1,3,4,5,5,2
0.0,0.0,1.0,1.0,0.0,0.0,0.0,0.0,1.0,0.0,0.87629,0.5,0.21163,0.23083,0.02905,0.14927,0.25148,0.16568,5,1,2,3,6,6,4
0.0,0.0,1.0,0.0,0.0,1.0,0.0,0.0,1.0,0.0,0.81959,0.42537,0.14644,0.2028,0.29333,0.6896,0.68009,0.0,4,1,3,5,4,5,2
0.0,0.0,1.0,0.0,0.0,1.0,0.0,0.0,0.0,1.0,0.82268,0.65672,0.15155,0.6094,0.30764,0.07774,0.24698,0.06428,3,4,4,4,2,1,4
0.0,0.0,1.0,0.0,0.0,1.0,0.0,0.0,1.0,0.0,0.82474,0.53731,0.20434,0.16134,0.18704,0.11162,0.20351,0.04074,3,1,4,6,2,7,5
1.0,0.0,0.0,0.0,0.0,1.0,0.0,1.0,0.0,0.0,0.86082,0.62687,0.17369,0.24946,0.4915,0.10542,0.20009,0.02897,4,1,3,7,2,6,5
0.0,0.0,1.0,0.0,0.0,1.0,0.0,1.0,0.0,0.0,0.83505,0.98507,0.04853,0.0,0.13951,0.01399,0.07159,0.01811,3,1,2,4,4,4,4
0.0,0.0,1.0,0.0,0.0,1.0,0.0,0.0,1.0,0.0,0.86289,0.90299,0.03282,0.06925,0.0161,0.01166,0.0188,0.12494,1,3,4,4,4,4,2
1.0,0.0,0.0,0.0,0.0,1.0,0.0,1.0,0.0,0.0,0.75361,0.73881,0.01533,0.115,0.06305,0.01399,0.02864,0.00724,1,5,2,6,3,6,4
1.0,0.0,0.0,0.0,0.0,1.0,1.0,0.0,0.0,0.0,0.81546,0.83582,0.01277,0.11401,0.00644,0.05675,0.05369,0.28971,1,4,4,5,3,2,5
1.0,0.0,0.0,0.0,0.0,1.0,0.0,0.0,1.0,0.0,0.82371,0.79851,0.01022,0.11278,0.12556,0.04023,0.08009,0.00724,1,2,3,5,4,5,5
1.0,0.0,0.0,0.0,0.0,1.0,1.0,0.0,0.0,0.0,0.80619,0.85821,0.02089,0.12267,0.04185,0.03732,0.24966,0.00362,5,5,3,2,3,4,1
1.0,0.0,0.0,0.0,0.0,1.0,0.0,0.0,1.0,0.0,0.68041,0.80597,0.01022,0.09728,0.08585,0.00466,0.10559,0.00543,1,3,3,2,3,3,3
1.0,0.0,0.0,0.0,0.0,1.0,1.0,0.0,0.0,0.0,0.7,0.70149,0.02917,0.16208,0.04507,0.007,0.02685,0.00543,1,4,4,2,3,4,4
1.0,0.0,0.0,0.0,0.0,1.0,0.0,0.0,1.0,0.0,0.69897,0.76119,0.02734,0.12036,0.04937,0.007,0.02454,0.00634,1,2,2,2,2,2,2
1.0,0.0,0.0,0.0,0.0,1.0,0.0,0.0,1.0,0.0,0.80412,0.80597,0.03721,0.10124,0.06573,0.08047,0.11096,0.00996,1,4,4,4,2,4,3
1.0,0.0,0.0,0.0,0.0,1.0,0.0,1.0,0.0,0.0,0.85567,0.94776,0.06897,0.33306,0.01073,0.84665,0.86264,0.05432,5,4,2,5,3,1,5
1.0,0.0,0.0,0.0,0.0,1.0,1.0,0.0,0.0,0.0,0.84536,0.84328,0.01533,0.12861,0.01073,0.00466,0.00895,0.0,1,2,2,2,2,2,2
1.0,0.0,0.0,0.0,0.0,1.0,0.0,0.0,1.0,0.0,0.84536,0.77612,0.00914,0.06496,0.01136,0.00389,0.00374,0.00724,1,2,2,2,2,2,2
0.0,0.0,1.0,0.0,0.0,1.0,1.0,0.0,0.0,0.0,0.83505,0.47761,0.05415,0.26562,0.04722,0.12781,0.2774,0.55696,1,2,5,6,4,7,3
0.0,0.0,1.0,0.0,0.0,1.0,0.0,0.0,1.0,0.0,0.88041,0.95746,0.05759,0.32976,0.18297,0.1586,0.20773,0.37662,1,2,4,4,3,3,4
0.0,0.0,1.0,0.0,0.0,1.0,1.0,0.0,0.0,0.0,0.87629,0.58209,0.18135,0.90849,0.53658,0.28222,0.0,0.06428,4,6,6,5,1,2,3
0.0,0.0,1.0,0.0,0.0,1.0,0.0,1.0,0.0,0.0,0.79381,0.50746,0.16603,0.15111,0.83974,0.18017,0.6085,0.08148,5,2,3,1,5,4,2
1.0,0.0,0.0,0.0,0.0,1.0,1.0,0.0,0.0,0.0,0.86598,0.78358,0.12925,0.86513,0.35843,0.4877,0.49515,0.18759,4,3,5,5,2,1,5
1.0,0.0,0.0,0.0,0.0,1.0,0.0,0.0,1.0,0.0,0.87629,0.85821,0.14634,0.86777,0.33547,0.60968,0.53584,0.21275,4,3,4,4,2,1,4
1.0,0.0,0.0,0.0,0.0,1.0,0.0,0.0,1.0,0.0,0.83505,0.91045,0.16858,0.33636,0.01073,0.06064,0.12528,0.0163,1,4,4,4,2,3,4
0.0,1.0,0.0,0.0,0.0,1.0,1.0,0.0,0.0,0.0,0.63196,0.83806,0.02266,0.05111,0.03863,0.007,0.02638,0.01901,1,2,2,2,2,2,2
0.0,0.0,1.0,0.0,0.0,1.0,0.0,0.0,0.0,1.0,0.0,0.90299,0.04598,0.25886,0.01073,0.04898,0.07338,0.04346,2,6,6,5,1,3,4
0.0,0.0,1.0,0.0,0.0,1.0,0.0,0.0,1.0,0.0,0.74227,0.77612,0.04598,0.19951,0.08585,0.02566,0.07875,0.02263,1,5,6,6,4,3,2
0.0,0.0,1.0,0.0,0.0,1.0,0.0,1.0,0.0,0.0,0.81443,0.64179,0.07063,0.17007,0.06707,0.01808,0.05369,0.0,1,5,2,4,3,5,4
0.0,0.0,1.0,0.0,0.0,1.0,1.0,0.0,0.0,0.0,0.80412,0.6791,0.09227,0.4925,0.18136,0.03053,0.12717,0.02988,1,6,6,3,4,2,5
1.0,0.0,0.0,0.0,0.0,1.0,0.0,0.0,1.0,0.0,0.80412,0.70149,0.0146,0.06653,0.02376,0.01399,0.03349,0.01358,1,2,2,2,2,2,2
1.0,0.0,0.0,0.0,0.0,1.0,1.0,0.0,0.0,0.0,0.80412,0.84701,0.01365,0.11237,0.02119,0.01357,0.01583,0.0172,1,3,3,2,3,3,3
1.0,0.0,0.0,0.0,0.0,1.0,1.0,0.0,0.0,0.0,0.60825,0.88806,0.0,0.15499,0.00537,0.00233,0.00358,0.0,1,2,2,2,2,2,2
1.0,0.0,0.0,0.0,0.0,1.0,0.0,0.0,0.0,1.0,0.70103,0.6791,0.0,0.0643,0.01073,0.00233,0.02506,0.0,1,3,3,2,3,3,3
0.0,0.0,1.0,0.0,0.0,1.0,0.0,0.0,1.0,0.0,0.68041,0.65672,0.0,0.07832,0.02146,0.00233,0.01253,0.0,1,3,3,2,3,3,3
1.0,0.0,0.0,0.0,0.0,1.0,0.0,0.0,0.0,1.0,0.68041,0.8806,0.0,0.18219,0.01073,0.00233,0.00716,0.0,1,2,2,2,2,2,2
0.0,0.0,1.0,0.0,0.0,1.0,0.0,0.0,0.0,1.0,0.71134,0.68657,0.0,0.18219,0.01073,0.00466,0.02327,0.0,1,6,6,3,4,2,5
1.0,0.0,0.0,0.0,0.0,1.0,0.0,0.0,0.0,1.0,0.78969,0.80597,0.01022,0.08219,0.0161,0.0035,0.01312,0.00905,1,4,4,2,2,4,3
1.0,0.0,0.0,0.0,0.0,1.0,1.0,0.0,0.0,0.0,0.78351,0.78358,0.00779,0.08261,0.01431,0.00389,0.01939,0.0,1,2,2,2,2,2,2
0.0,0.0,1.0,0.0,1.0,0.0,0.0,0.0,0.0,1.0,0.82474,0.52239,0.09474,0.18442,0.15707,0.19613,0.30922,0.02082,3,1,2,4,5,7,6
0.0,0.0,1.0,0.0,1.0,0.0,0.0,1.0,0.0,0.0,0.84536,0.58209,0.0961,0.11979,0.11345,0.1556,0.25664,0.02354,5,4,2,3,1,5,5
0.0,0.0,1.0,0.0,1.0,0.0,1.0,0.0,0.0,0.0,0.84536,0.79851,0.34398,0.37131,0.66297,0.11532,0.2949,0.17382,4,1,5,6,2,3,6
0.0,0.0,1.0,0.0,1.0,0.0,0.0,0.0,1.0,0.0,0.82474,0.63433,0.33581,0.28475,0.84994,0.14717,0.51293,0.07424,5,3,4,6,2,1,6
1.0,0.0,0.0,0.0,1.0,0.0,1.0,0.0,0.0,0.0,0.91753,0.78358,0.08889,0.49464,0.13152,0.09589,0.25792,0.24471,3,4,5,5,2,1,5
1.0,0.0,0.0,0.0,1.0,0.0,0.0,0.0,1.0,0.0,0.84536,0.68657,0.07672,0.42737,0.18759,0.20198,0.23409,0.03123,2,1,5,5,4,3,3
0.0,0.0,1.0,0.0,1.0,0.0,0.0,0.0,1.0,0.0,0.80412,0.65672,0.07427,0.23273,0.28284,0.06297,0.17024,0.10411,1,3,5,4,2,6,7
1.0,0.0,0.0,0.0,1.0,0.0,0.0,0.0,1.0,0.0,0.7732,0.80597,0.02645,0.27617,0.13701,0.05131,0.06142,0.01086,2,5,5,4,3,5,1
1.0,0.0,0.0,0.0,1.0,0.0,0.0,1.0,0.0,0.0,0.76289,0.67164,0.03512,0.4343,0.06305,0.1312,0.11454,0.02263,5,7,3,6,2,1,4
0.0,0.0,1.0,0.0,1.0,0.0,0.0,1.0,0.0,0.0,0.7732,0.66418,0.14253,0.3634,0.41746,0.29714,0.36904,0.04527,5,5,5,4,2,1,3
0.0,0.0,1.0,0.0,1.0,0.0,1.0,0.0,0.0,0.0,0.93814,0.59701,0.25849,0.35499,0.29378,0.35656,0.51958,0.09687,4,3,4,4,2,1,4
1.0,0.0,0.0,0.0,1.0,0.0,1.0,0.0,0.0,0.0,0.91753,0.59701,0.15377,0.33248,0.32889,0.3172,0.43479,0.16658,4,3,4,4,2,1,4
0.0,1.0,0.0,0.0,1.0,0.0,0.0,0.0,1.0,0.0,0.87629,0.80149,0.14379,0.05721,0.28417,0.10122,0.22361,0.27595,1,3,7,4,2,5,6
1.0,0.0,0.0,0.0,1.0,0.0,1.0,0.0,0.0,0.0,0.85567,0.64179,0.19157,0.42704,0.60097,0.07114,0.30425,0.15119,4,3,6,6,2,1,5
1.0,0.0,0.0,0.0,1.0,0.0,0.0,1.0,0.0,0.0,0.80412,0.47015,0.34909,0.30783,0.16574,0.08293,0.3138,0.02444,5,4,6,2,1,3,7
0.0,0.0,1.0,0.0,1.0,0.0,1.0,0.0,0.0,0.0,0.78351,0.68657,0.16546,0.50816,0.77267,0.05079,0.434,0.49069,2,5,5,4,1,3,5
0.0,0.0,1.0,0.0,1.0,0.0,0.0,0.0,1.0,0.0,0.7732,0.68657,0.15723,0.57997,0.59918,0.05714,0.46055,0.17654,4,7,3,6,1,2,5
0.0,1.0,0.0,0.0,1.0,0.0,1.0,0.0,0.0,0.0,0.7732,0.64179,0.14687,0.60742,0.61921,0.15697,0.45538,0.19917,2,5,5,4,3,1,5
0.0,1.0,0.0,0.0,1.0,0.0,0.0,1.0,0.0,0.0,0.79381,0.35821,0.2271,0.1413,0.71804,0.08905,0.36722,0.02535,2,5,1,4,3,6,6
0.0,1.0,0.0,0.0,1.0,0.0,0.0,1.0,0.0,0.0,0.81443,0.53731,0.14112,0.18425,0.09591,0.04082,0.25324,0.15391,2,1,4,4,3,4,4
1.0,0.0,0.0,0.0,1.0,0.0,0.0,1.0,0.0,0.0,0.83093,0.16418,0.09962,0.17189,0.82968,0.21166,0.29217,0.23539,4,1,3,2,6,7,5
1.0,0.0,0.0,0.0,1.0,0.0,1.0,0.0,0.0,0.0,0.87629,0.5597,0.02375,0.12836,0.27902,0.02239,0.03239,0.03531,1,5,3,6,4,2,6
0.0,0.0,1.0,0.0,1.0,0.0,1.0,0.0,0.0,0.0,0.84536,0.77612,0.16169,0.03207,0.23303,0.05675,0.20403,0.02444,3,4,5,5,2,1,5
0.0,0.0,1.0,0.0,1.0,0.0,0.0,0.0,0.0,1.0,0.82474,0.35821,0.15011,0.02539,0.10061,0.07784,0.19843,0.02444,3,1,2,5,4,7,6
1.0,0.0,0.0,0.0,1.0,0.0,1.0,0.0,0.0,0.0,0.89691,0.80597,0.00286,0.04402,0.02829,0.03456,0.0374,0.01267,1,2,2,2,2,2,2
1.0,0.0,0.0,0.0,1.0,0.0,0.0,1.0,0.0,0.0,0.86598,0.83582,0.00128,0.02638,0.01073,0.05038,0.0494,0.00543,1,2,3,3,3,3,3
0.0,1.0,0.0,0.0,1.0,0.0,0.0,0.0,0.0,1.0,0.87629,0.6194,0.09344,0.4643,0.47308,0.34752,0.47671,0.1795,5,4,2,7,1,3,6
0.0,1.0,0.0,0.0,1.0,0.0,1.0,0.0,0.0,0.0,0.85567,0.65672,0.16544,0.51707,0.3833,0.51079,0.54139,0.07484,4,3,1,6,2,5,7
0.0,0.0,1.0,0.0,1.0,0.0,1.0,0.0,0.0,0.0,0.86598,0.80597,0.12083,0.64081,0.27785,0.3384,0.39918,0.12095,5,2,4,6,3,1,6
1.0,0.0,0.0,0.0,1.0,0.0,1.0,0.0,0.0,0.0,0.81443,0.88806,0.0303,0.18211,0.13805,0.11217,0.12363,0.02494,3,3,3,3,1,2,3
0.0,0.0,1.0,0.0,1.0,0.0,1.0,0.0,0.0,0.0,0.94124,0.89552,0.0779,0.40981,0.10689,0.15067,0.26177,0.49006,5,1,5,6,4,2,3
1.0,0.0,0.0,0.0,1.0,0.0,1.0,0.0,0.0,0.0,0.76289,0.85075,0.03073,0.13364,0.18973,0.08466,0.10488,0.32683,2,6,5,4,1,3,5
0.0,0.0,1.0,0.0,1.0,0.0,0.0,0.0,1.0,0.0,0.85567,0.66418,0.69349,0.52061,0.40243,0.39417,0.56107,0.02535,1,2,4,6,1,3,5
0.0,0.0,1.0,0.0,1.0,0.0,0.0,0.0,0.0,1.0,0.84536,0.77612,0.10473,0.42539,0.43999,0.08863,0.10917,0.05432,3,2,5,7,4,1,6
0.0,0.0,1.0,0.0,1.0,0.0,0.0,0.0,1.0,0.0,0.84536,0.83582,0.09195,0.36274,0.03488,0.2519,0.2783,0.02716,3,1,5,7,2,4,6
0.0,1.0,0.0,0.0,1.0,0.0,0.0,1.0,0.0,0.0,0.84227,0.47015,0.09527,0.04345,0.088,0.14461,0.23821,0.01267,3,1,2,4,4,4,4
0.0,1.0,0.0,0.0,1.0,0.0,1.0,0.0,0.0,0.0,0.85876,0.79104,0.09235,0.09373,0.12818,0.21665,0.20198,0.09506,1,3,4,2,4,4,4
0.0,0.0,1.0,0.0,1.0,0.0,0.0,1.0,0.0,0.0,0.87629,0.5,0.1165,0.36364,0.1717,0.2061,0.3228,0.29725,3,1,5,4,6,6,2
0.0,0.0,1.0,0.0,1.0,0.0,1.0,0.0,0.0,0.0,0.83505,0.6791,0.12073,0.77222,0.18146,0.17493,0.22869,0.0332,3,4,5,5,2,1,5
1.0,0.0,0.0,0.0,1.0,0.0,0.0,0.0,0.0,1.0,0.84536,0.88806,0.03129,0.19357,0.13079,0.03265,0.04922,0.04165,4,3,5,6,2,1,6
1.0,0.0,0.0,0.0,1.0,0.0,0.0,0.0,1.0,0.0,0.83505,0.70149,0.0281,0.18557,0.05232,0.04052,0.11969,0.02263,1,6,2,5,4,3,6
0.0,1.0,0.0,0.0,1.0,0.0,0.0,0.0,1.0,0.0,0.80412,0.58955,0.22222,1.0,0.70023,0.21749,0.37405,0.05432,5,2,4,3,1,6,5
1.0,0.0,0.0,0.0,1.0,0.0,0.0,1.0,0.0,0.0,0.85155,0.37313,0.11448,0.04336,0.10439,0.24596,0.32508,0.1865,4,2,1,3,4,4,4
1.0,0.0,0.0,0.0,1.0,0.0,0.0,0.0,1.0,0.0,0.83608,0.49254,0.12735,0.08186,0.20849,0.17959,0.35359,0.11769,3,1,2,4,5,6,6
1.0,0.0,0.0,0.0,1.0,0.0,0.0,0.0,1.0,0.0,0.81134,0.13433,0.1258,0.05037,0.38325,0.29913,0.33132,0.04074,4,1,3,2,5,5,5
1.0,0.0,0.0,0.0,1.0,0.0,0.0,0.0,0.0,1.0,0.74227,0.75373,0.12644,0.32605,0.05902,0.04198,0.24698,0.44362,4,6,2,5,3,1,6
1.0,0.0,0.0,0.0,1.0,0.0,0.0,1.0,0.0,0.0,0.80412,0.6194,0.13155,0.17296,0.03241,0.05738,0.33002,0.28337,4,2,1,2,5,6,3
0.0,0.0,1.0,0.0,1.0,0.0,0.0,0.0,0.0,1.0,0.81443,0.84328,0.21073,0.51797,0.32195,0.02877,0.09545,0.12403,2,4,4,4,3,1,4
0.0,0.0,1.0,0.0,1.0,0.0,0.0,0.0,1.0,0.0,0.82474,0.65672,0.45019,0.05095,0.47219,0.0379,0.14183,0.03169,4,2,1,5,3,6,6
0.0,1.0,0.0,1.0,0.0,0.0,0.0,0.0,0.0,1.0,0.79381,0.69403,0.16858,0.29349,0.33268,0.0863,0.0,0.15708,2,1,5,3,4,5,5
0.0,1.0,0.0,1.0,0.0,0.0,0.0,0.0,0.0,1.0,0.89691,0.40299,0.12261,0.0939,0.15484,0.08563,0.11961,0.19933,3,1,4,4,4,4,2
0.0,1.0,0.0,1.0,0.0,0.0,0.0,0.0,1.0,0.0,0.81443,0.39552,0.12261,0.04229,0.14845,0.14305,0.15958,0.03621,3,1,2,3,3,3,3
0.0,1.0,0.0,1.0,0.0,0.0,1.0,0.0,0.0,0.0,0.89691,0.91045,0.08232,0.15556,0.25058,0.04082,0.11842,0.3561,1,2,4,3,4,4,4
0.0,1.0,0.0,1.0,0.0,0.0,0.0,0.0,0.0,1.0,0.8866,0.48507,0.10983,0.05507,0.10195,0.02449,0.13363,0.57489,1,2,4,3,4,4,4
1.0,0.0,0.0,1.0,0.0,0.0,0.0,1.0,0.0,0.0,0.76289,0.54478,0.04853,0.36191,0.12878,0.17459,0.2976,0.04798,4,4,1,4,2,3,2
1.0,0.0,0.0,1.0,0.0,0.0,0.0,0.0,1.0,0.0,0.80412,0.77612,0.05747,0.38912,0.19183,0.27172,0.35973,0.02444,6,6,3,5,2,1,4
0.0,1.0,0.0,1.0,0.0,0.0,0.0,0.0,0.0,1.0,0.87629,0.73134,0.17944,0.13553,0.30585,0.16027,0.23624,0.14511,1,1,3,2,2,3,3
0.0,1.0,0.0,1.0,0.0,0.0,0.0,1.0,0.0,0.0,0.82268,0.41791,0.1202,0.25458,0.38312,0.7263,0.61262,0.16776,5,1,3,6,2,4,4
0.0,1.0,0.0,1.0,0.0,0.0,0.0,0.0,1.0,0.0,0.81959,0.53731,0.14632,0.30882,0.45686,0.67905,0.5906,0.04268,4,2,3,4,1,3,3
0.0,0.0,1.0,1.0,0.0,0.0,0.0,1.0,0.0,0.0,0.82062,0.41045,0.33554,0.27312,0.87022,0.72643,0.62607,0.18532,3,1,4,5,6,6,2
0.0,0.0,1.0,1.0,0.0,0.0,0.0,0.0,0.0,1.0,0.86082,0.20522,0.24964,0.30346,0.1475,0.21224,0.2784,0.02484,5,3,4,5,2,1,5
0.0,0.0,1.0,1.0,0.0,0.0,0.0,0.0,1.0,0.0,0.84021,0.77612,0.48421,0.41311,0.17486,0.31668,0.39244,0.02588,5,1,3,5,4,2,4
1.0,0.0,0.0,1.0,0.0,0.0,0.0,0.0,0.0,1.0,0.87629,0.75373,0.00766,0.07016,0.04054,0.02514,0.04275,0.00453,1,3,2,5,4,5,5
0.0,0.0,1.0,1.0,0.0,0.0,0.0,0.0,0.0,1.0,0.87629,0.85075,0.00766,0.06381,0.01171,0.00869,0.01448,0.03259,1,2,3,3,3,3,3
0.0,0.0,1.0,1.0,0.0,0.0,0.0,1.0,0.0,0.0,0.87629,0.63433,0.01028,0.06801,0.02537,0.01302,0.05564,0.02173,1,3,2,5,4,5,5
0.0,0.0,1.0,1.0,0.0,0.0,1.0,0.0,0.0,0.0,0.86598,0.85299,0.01268,0.07988,0.02587,0.01399,0.03251,0.01931,1,3,2,4,4,4,4
1.0,0.0,0.0,1.0,0.0,0.0,0.0,1.0,0.0,0.0,0.84536,0.73881,0.01635,0.04559,0.023,0.02799,0.13653,0.01177,2,5,4,6,1,3,6
1.0,0.0,0.0,1.0,0.0,0.0,1.0,0.0,0.0,0.0,0.82474,0.8194,0.02478,0.07205,0.07265,0.06204,0.09134,0.01992,1,3,3,3,3,2,3
0.0,1.0,0.0,1.0,0.0,0.0,1.0,0.0,0.0,0.0,0.85567,0.66418,0.10743,0.48821,0.12527,0.35121,0.39503,0.06066,3,1,3,3,3,3,2
0.0,1.0,0.0,1.0,0.0,0.0,0.0,1.0,0.0,0.0,0.89691,0.50746,0.04314,0.17634,0.03219,0.08656,0.15292,0.20853,2,1,3,5,5,5,4
0.0,0.0,1.0,1.0,0.0,0.0,0.0,0.0,0.0,1.0,0.8866,0.77612,0.03878,0.20627,0.15122,0.07442,0.13906,0.13868,4,5,5,5,3,2,1
0.0,0.0,1.0,1.0,0.0,0.0,0.0,0.0,1.0,0.0,0.82474,0.6791,0.03927,0.17461,0.04695,0.11399,0.15481,0.07356,5,5,4,5,2,3,1
0.0,0.0,1.0,1.0,0.0,0.0,0.0,0.0,1.0,0.0,0.84536,0.70896,0.04566,0.19481,0.06841,0.10262,0.13781,0.07662,4,1,2,3,5,4,5
0.0,0.0,1.0,1.0,0.0,0.0,0.0,1.0,0.0,0.0,0.87629,0.71642,0.04226,0.31731,0.11083,0.07994,0.11347,0.13292,1,2,5,6,3,4,6
0.0,0.0,1.0,1.0,0.0,0.0,0.0,1.0,0.0,0.0,0.82887,0.69403,0.33273,0.31129,0.14059,0.22741,0.27376,0.05568,6,1,6,5,3,2,4
0.0,0.0,1.0,1.0,0.0,0.0,1.0,0.0,0.0,0.0,0.81959,0.6791,0.19639,0.28533,0.10069,0.15938,0.26139,0.03576,4,1,2,5,3,3,5
1.0,0.0,0.0,0.0,0.0,1.0,0.0,0.0,1.0,0.0,0.74742,0.71194,0.0,0.05293,0.09122,0.03405,0.03481,0.00416,1,3,3,2,3,3,3
1.0,0.0,0.0,0.0,0.0,1.0,1.0,0.0,0.0,0.0,0.78763,0.76866,0.08745,0.24254,0.04446,0.03965,0.07439,0.06727,2,4,4,4,1,3,4
1.0,0.0,0.0,0.0,0.0,1.0,0.0,0.0,0.0,1.0,0.81649,0.63433,0.02776,0.14138,0.21414,0.00751,0.04868,0.0172,1,3,3,2,3,3,3
1.0,0.0,0.0,0.0,0.0,1.0,0.0,1.0,0.0,0.0,0.78557,0.70149,0.02824,0.12448,0.01455,0.00933,0.02264,0.01318,1,2,6,3,6,5,4
1.0,0.0,0.0,0.0,1.0,0.0,0.0,0.0,1.0,0.0,0.79897,0.79851,0.03959,0.32778,0.06186,0.02449,0.07726,0.02825,3,4,4,4,2,1,4
1.0,0.0,0.0,0.0,0.0,1.0,0.0,0.0,0.0,1.0,0.7299,0.62687,0.02414,0.1296,0.02848,0.00933,0.02434,0.00611,1,3,3,2,3,3,3
1.0,0.0,0.0,0.0,0.0,1.0,0.0,0.0,1.0,0.0,0.7134,0.82836,0.02324,0.05194,0.02254,0.01166,0.0,0.02227,1,3,5,5,2,4,2
1.0,0.0,0.0,0.0,0.0,1.0,0.0,0.0,0.0,1.0,0.83505,0.73134,0.03663,0.06018,0.02415,0.05364,0.08143,0.0077,2,4,1,4,4,4,3
1.0,0.0,0.0,0.0,0.0,1.0,0.0,1.0,0.0,0.0,0.74227,0.84328,0.02291,0.01896,0.14434,0.03032,0.034,0.0,1,3,2,4,4,4,4
0.0,0.0,1.0,1.0,0.0,0.0,0.0,1.0,0.0,0.0,0.88763,0.75373,0.00899,0.05466,0.01311,0.00751,0.01253,0.01177,1,2,3,3,3,3,3
0.0,0.0,1.0,1.0,0.0,0.0,0.0,0.0,1.0,0.0,0.84742,0.70896,0.00587,0.0554,0.01059,0.00933,0.01096,0.00724,1,2,3,3,3,3,3
0.0,0.0,1.0,1.0,0.0,0.0,0.0,0.0,0.0,1.0,0.87938,0.78358,0.00766,0.06249,0.01111,0.00956,0.0,0.03621,1,2,3,3,3,3,3
0.0,0.0,1.0,1.0,0.0,0.0,0.0,0.0,1.0,0.0,0.86598,0.74627,0.00897,0.07139,0.03182,0.01353,0.02685,0.02589,2,3,1,4,4,4,4
1.0,0.0,0.0,1.0,0.0,0.0,0.0,0.0,0.0,1.0,0.83505,0.81343,0.02313,0.06801,0.044,0.04665,0.1038,0.0,2,1,3,4,4,4,4
1.0,0.0,0.0,0.0,1.0,0.0,0.0,0.0,1.0,0.0,0.83711,0.76119,0.01945,0.05763,0.03602,0.06539,0.08887,0.01992,1,4,3,5,4,2,5
0.0,1.0,0.0,1.0,0.0,0.0,0.0,0.0,0.0,1.0,0.86907,0.80597,0.09104,0.51319,0.1438,0.2414,0.0,0.4108,5,2,4,6,2,1,3
0.0,1.0,0.0,1.0,0.0,0.0,0.0,0.0,0.0,1.0,0.89691,0.87313,0.05483,0.31039,0.09814,0.08863,0.14855,0.15391,3,1,3,3,2,2,3
0.0,1.0,0.0,1.0,0.0,0.0,0.0,0.0,1.0,0.0,0.83505,0.61194,0.06779,0.23124,0.04588,0.11312,0.15772,0.12657,4,1,3,4,2,4,4
0.0,1.0,0.0,1.0,0.0,0.0,1.0,0.0,0.0,0.0,0.86082,0.82836,0.05762,0.25886,0.08177,0.09563,0.17658,0.15804,4,1,5,6,2,3,6
